pair_id;entry_id;drug_A_name;drug_B_name;drug_A_role;drug_B_role;drug_A_smiles_original;drug_B_smiles_original;drug_A_smiles_canonical;drug_B_smiles_canonical;drug_A_inchikey;drug_B_inchikey;drug_A_cas;drug_B_cas;mole_fraction_A;mole_fraction_B;mole_fraction_A_raw;mole_fraction_B_raw;weight_fraction_A;weight_fraction_B;ratio_reported_as;process_method;process_details;gfa_class_dsc;gfa_class_label;gfa_dsc_evidence;gfa_label_confidence;stability_week_bin;stability_protocol_match;stability_label_confidence;induction_time_days;induction_time_censored;storage_T_C;storage_RH_percent;Tg_K;Tg_uncertainty_K;Tg_heating_rate_K_min;Tm_A_K;Tm_B_K;pxrd_amorphous;detection_methods;source_doi;source_first_author;source_year;source_table_or_figure;extraction_date;extracted_by;notes;experimental_protocol;protocol_max_duration_days;storage_T_K;delta_MW;delta_LogP;delta_TPSA;delta_HBD;delta_HBA;sum_MW;tanimoto_ECFP4;tanimoto_ECFP6;hbond_complementarity
alleso2009_01;"Table 1; Fig. 3; Fig. 5; Section 3.2";Naproxen;Cimetidine;api;api;C[C@@H](C1=CC2=C(C=C1)C=C(C=C2)OC)C(=O)O;CC1=C(N=CN1)CSCCNC(=NC)NC#N;COc1ccc2cc([C@H](C)C(=O)O)ccc2c1;CN=C(NC#N)NCCSCc1nc[nH]c1C;CMWTZPSULFXXJA-VIFPVBQESA-N;AQIXAKUUQRKLND-UHFFFAOYSA-N;;;0.3333;0.6667;0.333;0.667;;;mole_fraction;ball_milling;"Co-milled using oscillatory ball mill (Mixer Mill MM301, Retsch GmbH & Co., Germany). Sample powder (1 g) placed in 25 ml stainless steel milling jar with two 12 mm diameter stainless steel balls; milled at 30 Hz at 4 ± 2 °C for 60 min. Powder temperature after milling ≈25 °C. Stored in airtight container over silica gel at 4 °C until further analysis.";;;not_reported;unknown;1-2m;non_standard;low;33.0;False;4.0;0.0;313.35;1.1;10.0;429.15;410.15;True;"XRPD; DSC (single Tg confirmed amorphous mixture).";DOI: 10.1016/j.jconrel.2009.01.027;alleso;2009;"Table 1; Fig. 3; Fig. 5; Section 3.2";2026-05-04;claude_code;"1:2 NAP:CIM crystallized to cimetidine despite highest Tg (40.2 ± 1.1 °C). XRPD peak at 23.5° (cimetidine) detected at all three storage temperatures (4/25/40 °C) by day 33. Exact induction time not reported — only known to be ≤33 days. Storage in desiccator over silica gel (≈0% RH). | [review] Protokolla 4 °C / 0% RH (silica-desikkaattori), 33 d — ei sovi ICH-luokituksiin; 33 d > dry_short_term-rajan (≤30 vrk); merkitty non_standard; Sensurointi: tarkkaa induktioaikaa ei raportoitu, vain havainto päivänä 33 (≤3d ylimittaus puuttuu); t=33 d on yläraja";non_standard;33.0;277.15;;;;;;;;;
alleso2009_02;"Table 1; Fig. 3; Fig. 5; Section 3.2";Naproxen;Cimetidine;api;api;C[C@@H](C1=CC2=C(C=C1)C=C(C=C2)OC)C(=O)O;CC1=C(N=CN1)CSCCNC(=NC)NC#N;COc1ccc2cc([C@H](C)C(=O)O)ccc2c1;CN=C(NC#N)NCCSCc1nc[nH]c1C;CMWTZPSULFXXJA-VIFPVBQESA-N;AQIXAKUUQRKLND-UHFFFAOYSA-N;;;0.3333;0.6667;0.333;0.667;;;mole_fraction;ball_milling;"Co-milled using oscillatory ball mill (Mixer Mill MM301, Retsch GmbH & Co., Germany). Sample powder (1 g) placed in 25 ml stainless steel milling jar with two 12 mm diameter stainless steel balls; milled at 30 Hz at 4 ± 2 °C for 60 min. Powder temperature after milling ≈25 °C.";;;not_reported;unknown;1-2m;non_standard;low;33.0;False;25.0;0.0;313.35;1.1;10.0;429.15;410.15;True;"XRPD; DSC.";DOI: 10.1016/j.jconrel.2009.01.027;alleso;2009;"Table 1; Fig. 3; Fig. 5; Section 3.2";2026-05-04;claude_code;"1:2 NAP:CIM crystallized to cimetidine at 25 °C/0% RH; XRPD peak at 23.5° detected by day 33. Exact induction time ≤33 days. Storage in desiccator over silica gel. | [review] Protokolla 25 °C / 0% RH (silica), 33 d ei sovi mihinkään standardiluokkaan; merkitty non_standard; Sensurointi: tarkkaa induktioaikaa ei raportoitu, vain havainto päivänä 33; t=33 d on yläraja";non_standard;33.0;298.15;;;;;;;;;
alleso2009_03;"Table 1; Fig. 3; Fig. 5; Section 3.2";Naproxen;Cimetidine;api;api;C[C@@H](C1=CC2=C(C=C1)C=C(C=C2)OC)C(=O)O;CC1=C(N=CN1)CSCCNC(=NC)NC#N;COc1ccc2cc([C@H](C)C(=O)O)ccc2c1;CN=C(NC#N)NCCSCc1nc[nH]c1C;CMWTZPSULFXXJA-VIFPVBQESA-N;AQIXAKUUQRKLND-UHFFFAOYSA-N;;;0.3333;0.6667;0.333;0.667;;;mole_fraction;ball_milling;"Co-milled using oscillatory ball mill (Mixer Mill MM301, Retsch GmbH & Co., Germany). Sample powder (1 g) placed in 25 ml stainless steel milling jar with two 12 mm diameter stainless steel balls; milled at 30 Hz at 4 ± 2 °C for 60 min. Powder temperature after milling ≈25 °C.";;;not_reported;unknown;1-2m;non_standard;low;33.0;False;40.0;0.0;313.35;1.1;10.0;429.15;410.15;True;"XRPD; DSC.";DOI: 10.1016/j.jconrel.2009.01.027;alleso;2009;"Table 1; Fig. 3; Fig. 5; Section 3.2";2026-05-04;claude_code;"1:2 NAP:CIM crystallized to cimetidine at 40 °C/0% RH; XRPD peak at 23.5° detected by day 33. Exact induction time ≤33 days. Note: 40 °C with 0% RH is non-standard (ICH accelerated requires 75% RH). | [review] Protokolla 40 °C / 0% RH (silica), 33 d — ei vastaa ICH-accelerated-protokollaa (joka edellyttää 75% RH); merkitty non_standard; Sensurointi: tarkkaa induktioaikaa ei raportoitu, vain havainto päivänä 33; t=33 d on yläraja";non_standard;33.0;313.15;;;;;;;;;
alleso2009_04;"Table 1; Fig. 3; Fig. 5; Section 3.2 (long-term in Supporting Information)";Naproxen;Cimetidine;api;api;C[C@@H](C1=CC2=C(C=C1)C=C(C=C2)OC)C(=O)O;CC1=C(N=CN1)CSCCNC(=NC)NC#N;COc1ccc2cc([C@H](C)C(=O)O)ccc2c1;CN=C(NC#N)NCCSCc1nc[nH]c1C;CMWTZPSULFXXJA-VIFPVBQESA-N;AQIXAKUUQRKLND-UHFFFAOYSA-N;;;0.5;0.5;0.5;0.5;;;mole_fraction;ball_milling;"Co-milled using oscillatory ball mill (Mixer Mill MM301, Retsch GmbH & Co., Germany). Sample powder (1 g) placed in 25 ml stainless steel milling jar with two 12 mm diameter stainless steel balls; milled at 30 Hz at 4 ± 2 °C for 60 min. Powder temperature after milling ≈25 °C.";;;not_reported;unknown;6-7m;non_standard;low;186.0;True;4.0;0.0;307.65;0.3;10.0;429.15;410.15;True;"XRPD (halo at all storage points); DSC (single Tg = 34.5 ± 0.3 °C); FT-Raman (1:1 sample only — confirmed solid-state interaction between cimetidine imidazole ring and naproxen carboxylic acid via shifts at 1604 cm⁻¹ and 1634 cm⁻¹).";DOI: 10.1016/j.jconrel.2009.01.027;alleso;2009;"Table 1; Fig. 3; Fig. 5; Section 3.2 (long-term in Supporting Information)";2026-05-04;claude_code;"Most stable mixture in the study. Right-censored at 186 days. Tg (34.5 °C) lower than 1:2 sample's Tg (40.2 °C), yet 1:1 is more stable — attributed to 1:1 molecular ion-pair interaction between cimetidine imidazole ring and naproxen carboxylic acid (Raman: shift 1601→1604 cm⁻¹). Gordon–Taylor predicted Tg=10.7 °C; experimental 34.5 °C deviation supports molecular interaction. Storage in silica gel desiccator. | [review] Protokolla 4 °C / 0% RH (silica), 186 d — ei sovi ICH-luokituksiin; merkitty non_standard";non_standard;186.0;277.15;;;;;;;;;
alleso2009_05;"Table 1; Fig. 3; Fig. 5; Section 3.2 (long-term in Supporting Information)";Naproxen;Cimetidine;api;api;C[C@@H](C1=CC2=C(C=C1)C=C(C=C2)OC)C(=O)O;CC1=C(N=CN1)CSCCNC(=NC)NC#N;COc1ccc2cc([C@H](C)C(=O)O)ccc2c1;CN=C(NC#N)NCCSCc1nc[nH]c1C;CMWTZPSULFXXJA-VIFPVBQESA-N;AQIXAKUUQRKLND-UHFFFAOYSA-N;;;0.5;0.5;0.5;0.5;;;mole_fraction;ball_milling;"Co-milled using oscillatory ball mill (Mixer Mill MM301, Retsch GmbH & Co., Germany). Sample powder (1 g) placed in 25 ml stainless steel milling jar with two 12 mm diameter stainless steel balls; milled at 30 Hz at 4 ± 2 °C for 60 min. Powder temperature after milling ≈25 °C.";;;not_reported;unknown;6-7m;non_standard;low;186.0;True;25.0;0.0;307.65;0.3;10.0;429.15;410.15;True;"XRPD (halo at all storage points); DSC; FT-Raman (1:1 sample only).";DOI: 10.1016/j.jconrel.2009.01.027;alleso;2009;"Table 1; Fig. 3; Fig. 5; Section 3.2 (long-term in Supporting Information)";2026-05-04;claude_code;"Right-censored at 186 days at 25 °C/0% RH. Storage in silica gel desiccator. Stability attributed to 1:1 NAP-CIM molecular ion-pair interaction. | [review] Protokolla 25 °C / 0% RH (silica), 186 d — ei sovi ICH-luokituksiin; merkitty non_standard";non_standard;186.0;298.15;;;;;;;;;
alleso2009_06;"Table 1; Fig. 3; Fig. 5; Section 3.2 (long-term in Supporting Information)";Naproxen;Cimetidine;api;api;C[C@@H](C1=CC2=C(C=C1)C=C(C=C2)OC)C(=O)O;CC1=C(N=CN1)CSCCNC(=NC)NC#N;COc1ccc2cc([C@H](C)C(=O)O)ccc2c1;CN=C(NC#N)NCCSCc1nc[nH]c1C;CMWTZPSULFXXJA-VIFPVBQESA-N;AQIXAKUUQRKLND-UHFFFAOYSA-N;;;0.5;0.5;0.5;0.5;;;mole_fraction;ball_milling;"Co-milled using oscillatory ball mill (Mixer Mill MM301, Retsch GmbH & Co., Germany). Sample powder (1 g) placed in 25 ml stainless steel milling jar with two 12 mm diameter stainless steel balls; milled at 30 Hz at 4 ± 2 °C for 60 min. Powder temperature after milling ≈25 °C.";;;not_reported;unknown;6-7m;non_standard;low;186.0;True;40.0;0.0;307.65;0.3;10.0;429.15;410.15;True;"XRPD (halo at all storage points); DSC; FT-Raman (1:1 sample only).";DOI: 10.1016/j.jconrel.2009.01.027;alleso;2009;"Table 1; Fig. 3; Fig. 5; Section 3.2 (long-term in Supporting Information)";2026-05-04;claude_code;"Right-censored at 186 days at 40 °C/0% RH. Note: 40 °C with 0% RH is non-standard (ICH accelerated requires 75% RH). 1:1 sample stable at all three storage temperatures — driven by molecular interaction not bulk Tg. | [review] Protokolla 40 °C / 0% RH (silica), 186 d — ei vastaa ICH-accelerated-protokollaa (joka edellyttää 75% RH); merkitty non_standard";non_standard;186.0;313.15;;;;;;;;;
alleso2009_07;"Table 1; Fig. 3; Fig. 5; Section 3.2";Naproxen;Cimetidine;api;api;C[C@@H](C1=CC2=C(C=C1)C=C(C=C2)OC)C(=O)O;CC1=C(N=CN1)CSCCNC(=NC)NC#N;COc1ccc2cc([C@H](C)C(=O)O)ccc2c1;CN=C(NC#N)NCCSCc1nc[nH]c1C;CMWTZPSULFXXJA-VIFPVBQESA-N;AQIXAKUUQRKLND-UHFFFAOYSA-N;;;0.6667;0.3333;0.667;0.333;;;mole_fraction;ball_milling;"Co-milled using oscillatory ball mill (Mixer Mill MM301, Retsch GmbH & Co., Germany). Sample powder (1 g) placed in 25 ml stainless steel milling jar with two 12 mm diameter stainless steel balls; milled at 30 Hz at 4 ± 2 °C for 60 min. Powder temperature after milling ≈25 °C.";;;not_reported;unknown;1-2m;non_standard;low;33.0;True;4.0;0.0;304.65;0.7;10.0;429.15;410.15;True;"XRPD (halo at day 33); DSC (single Tg = 31.5 ± 0.7 °C).";DOI: 10.1016/j.jconrel.2009.01.027;alleso;2009;"Table 1; Fig. 3; Fig. 5; Section 3.2";2026-05-04;claude_code;"2:1 NAP:CIM stable (amorphous) at 4 °C through day 33. Right-censored at 33 days; not extended to longer storage. Storage in silica gel desiccator. | [review] Protokolla 4 °C / 0% RH (silica), 33 d — ei sovi ICH-luokituksiin; 33 d > dry_short_term-rajan (≤30 vrk); merkitty non_standard";non_standard;33.0;277.15;;;;;;;;;
alleso2009_08;"Table 1; Fig. 3; Fig. 5; Section 3.2";Naproxen;Cimetidine;api;api;C[C@@H](C1=CC2=C(C=C1)C=C(C=C2)OC)C(=O)O;CC1=C(N=CN1)CSCCNC(=NC)NC#N;COc1ccc2cc([C@H](C)C(=O)O)ccc2c1;CN=C(NC#N)NCCSCc1nc[nH]c1C;CMWTZPSULFXXJA-VIFPVBQESA-N;AQIXAKUUQRKLND-UHFFFAOYSA-N;;;0.6667;0.3333;0.667;0.333;;;mole_fraction;ball_milling;"Co-milled using oscillatory ball mill (Mixer Mill MM301, Retsch GmbH & Co., Germany). Sample powder (1 g) placed in 25 ml stainless steel milling jar with two 12 mm diameter stainless steel balls; milled at 30 Hz at 4 ± 2 °C for 60 min. Powder temperature after milling ≈25 °C.";;;not_reported;unknown;1-2m;non_standard;low;33.0;False;25.0;0.0;304.65;0.7;10.0;429.15;410.15;True;"XRPD (naproxen peak at 19.1° detected at day 33); DSC.";DOI: 10.1016/j.jconrel.2009.01.027;alleso;2009;"Table 1; Fig. 3; Fig. 5; Section 3.2";2026-05-04;claude_code;"2:1 NAP:CIM crystallized to naproxen (excess component) at 25 °C/0% RH; XRPD peak at 19.1° detected by day 33. Exact induction time ≤33 days. Storage in silica gel desiccator. | [review] Protokolla 25 °C / 0% RH (silica), 33 d — ei sovi mihinkään standardiluokkaan; merkitty non_standard; Sensurointi: tarkkaa induktioaikaa ei raportoitu, vain havainto päivänä 33; t=33 d on yläraja";non_standard;33.0;298.15;;;;;;;;;
alleso2009_09;"Table 1; Fig. 3; Fig. 5; Section 3.2";Naproxen;Cimetidine;api;api;C[C@@H](C1=CC2=C(C=C1)C=C(C=C2)OC)C(=O)O;CC1=C(N=CN1)CSCCNC(=NC)NC#N;COc1ccc2cc([C@H](C)C(=O)O)ccc2c1;CN=C(NC#N)NCCSCc1nc[nH]c1C;CMWTZPSULFXXJA-VIFPVBQESA-N;AQIXAKUUQRKLND-UHFFFAOYSA-N;;;0.6667;0.3333;0.667;0.333;;;mole_fraction;ball_milling;"Co-milled using oscillatory ball mill (Mixer Mill MM301, Retsch GmbH & Co., Germany). Sample powder (1 g) placed in 25 ml stainless steel milling jar with two 12 mm diameter stainless steel balls; milled at 30 Hz at 4 ± 2 °C for 60 min. Powder temperature after milling ≈25 °C.";;;not_reported;unknown;1-2m;non_standard;low;33.0;False;40.0;0.0;304.65;0.7;10.0;429.15;410.15;True;"XRPD (naproxen peaks at 6.7°, 12.7°, 19.1°, 20.4°, 22.6°, 23.8°, 27.4°); DSC.";DOI: 10.1016/j.jconrel.2009.01.027;alleso;2009;"Table 1; Fig. 3; Fig. 5; Section 3.2";2026-05-04;claude_code;"2:1 NAP:CIM crystallized to naproxen at 40 °C/0% RH; multiple XRPD peaks detected (more pronounced than at 25 °C). Storage 40 °C is the highest tested storage T (above Tg=31.5 °C). Exact induction time ≤33 days. | [review] Protokolla 40 °C / 0% RH (silica), 33 d — ei vastaa ICH-accelerated-protokollaa (joka edellyttää 75% RH); merkitty non_standard; Sensurointi: tarkkaa induktioaikaa ei raportoitu, vain havainto päivänä 33; t=33 d on yläraja; Storage T (40 °C) > Tg (31.5 °C) — odotettavissa nopea kiteytyminen, mutta tarkkaa kineticaa ei raportoitu";non_standard;33.0;313.15;;;;;;;;;
knapik2015_01;"Table 1; Figure 8a-d; Section 'Long-term physical stability'";Ezetimibe;Indapamide;api;api;C1=CC(=CC=C1[C@@H]2[C@H](C(=O)N2C3=CC=C(C=C3)F)CC[C@@H](C4=CC=C(C=C4)F)O)O;CC1CC2=CC=CC=C2N1NC(=O)C3=CC(=C(C=C3)Cl)S(=O)(=O)N;O=C1[C@H](CC[C@H](O)c2ccc(F)cc2)[C@@H](c2ccc(O)cc2)N1c1ccc(F)cc1;CC1Cc2ccccc2N1NC(=O)c1ccc(Cl)c(S(N)(=O)=O)c1;OLNTVTPDXPETLC-XPWALMASSA-N;NDDAHWYSQHTHNT-UHFFFAOYSA-N;;;0.9091;0.0909;0.909;0.091;0.912;0.088;molar_ratio;quench_cooling;Physical mixtures prepared by gentle mortar mixing for 5 min, dried 10 min at 373 K (to remove water from IDP hemihydrate), then melted in aluminum dish on hot plate at T = 440 K for <=2 min. Vitrification by fast transfer of dish from hot plate to a cold copper plate. Samples analyzed immediately after preparation.;;;dsc_thermogram_inferred;unknown;2-3m;non_standard;low;72.0;True;23.85;25.0;340.6;;10.0;;;True;"XRD (Rigaku-Denki D/MAX RAPID II-R, Ag K_alpha); DSC (Mettler-Toledo DSC 1, 5 and 10 K/min); TMDSC (TOPEM, 0.5 K/min); BDS (Novo-Control Alpha); ATR-FTIR.";10.1021/acs.molpharmaceut.5b00334;knapik;2015;"Table 1; Figure 8a-d; Section 'Long-term physical stability'";2026-05-07;claude_code;"Storage T = 297 K (= 23.85 C), RH = 25% (quasi-constant). DSC at 5 K/min showed no recrystallization for any mixture. Tg from DSC 10 K/min (Table 1, second column). Original paper also reports TMDSC 0.5 K/min values which differ by 1-3 K. Pure EZB recrystallized within 21 days (Dc=15%) under same conditions, providing strong reference for stabilization effect. Authors found no specific molecular EZB-IDP interactions (FTIR); stabilization attributed to antiplasticizing effect of higher-Tg IDP. | [review] Protokolla 297 K (24 C) / 25% RH ei sovi mihinkaan standardiluokkaan: ei ICH Q1A long-term (60% RH), ei dry_short_term (RH ei 0% eika <30 vrk), ei accelerated";non_standard;72.0;297.0;;;;;;;;;
knapik2015_02;"Table 1; Figure 8d; Section 'Long-term physical stability'";Ezetimibe;Indapamide;api;api;C1=CC(=CC=C1[C@@H]2[C@H](C(=O)N2C3=CC=C(C=C3)F)CC[C@@H](C4=CC=C(C=C4)F)O)O;CC1CC2=CC=CC=C2N1NC(=O)C3=CC(=C(C=C3)Cl)S(=O)(=O)N;O=C1[C@H](CC[C@H](O)c2ccc(F)cc2)[C@@H](c2ccc(O)cc2)N1c1ccc(F)cc1;CC1Cc2ccccc2N1NC(=O)c1ccc(Cl)c(S(N)(=O)=O)c1;OLNTVTPDXPETLC-XPWALMASSA-N;NDDAHWYSQHTHNT-UHFFFAOYSA-N;;;0.8333;0.1667;0.833;0.167;0.801;0.199;molar_ratio;quench_cooling;Physical mixtures prepared by gentle mortar mixing for 5 min, dried 10 min at 373 K, then melted in aluminum dish on hot plate at T = 440 K for <=2 min. Vitrification by fast transfer to cold copper plate.;;;dsc_thermogram_inferred;unknown;2-3m;non_standard;low;72.0;True;23.85;25.0;343.6;;10.0;;;True;"XRD; DSC; TMDSC (0.5 K/min); BDS; ATR-FTIR.";10.1021/acs.molpharmaceut.5b00334;knapik;2015;"Table 1; Figure 8d; Section 'Long-term physical stability'";2026-05-07;claude_code;"Tg from DSC 10 K/min (Table 1, second column). Original paper also reports TMDSC 0.5 K/min values which differ by 1-3 K. Sivulla 5 mainitaan 14.9 wt% 5:1-suhteelle, mikä eroaa Table 1:n arvosta 19.9 wt%. Massoista laskettu 1*365.83/(5*409.43+365.83) = 15.2%, joten 14.9% on lähempänä laskennallista arvoa - Table 1:ssä ilmeisesti painovirhe. | [review] Protokolla 297 K / 25% RH ei sovi standardiluokkaan; Lähteen sisäinen ristiriita: Table 1 antaa 5:1-suhteen wt%(IDP)=19.9, mutta sivulla 5 sama suhde ilmoitetaan arvolla 14.9 wt%. Massoista laskettu arvo (~15.2%) tukee 14.9-arvoa; Table 1 sisältää ilmeisesti painovirheen.";non_standard;72.0;297.0;;;;;;;;;
knapik2015_03;"Table 1; Figure 8d; Section 'Long-term physical stability'";Ezetimibe;Indapamide;api;api;C1=CC(=CC=C1[C@@H]2[C@H](C(=O)N2C3=CC=C(C=C3)F)CC[C@@H](C4=CC=C(C=C4)F)O)O;CC1CC2=CC=CC=C2N1NC(=O)C3=CC(=C(C=C3)Cl)S(=O)(=O)N;O=C1[C@H](CC[C@H](O)c2ccc(F)cc2)[C@@H](c2ccc(O)cc2)N1c1ccc(F)cc1;CC1Cc2ccccc2N1NC(=O)c1ccc(Cl)c(S(N)(=O)=O)c1;OLNTVTPDXPETLC-XPWALMASSA-N;NDDAHWYSQHTHNT-UHFFFAOYSA-N;;;0.6667;0.3333;0.667;0.333;0.686;0.314;molar_ratio;quench_cooling;Physical mixtures prepared by gentle mortar mixing for 5 min, dried 10 min at 373 K, then melted in aluminum dish on hot plate at T = 440 K for <=2 min. Vitrification by fast transfer to cold copper plate.;;;dsc_thermogram_inferred;unknown;2-3m;non_standard;low;72.0;True;23.85;25.0;348.1;;10.0;;;True;"XRD; DSC; TMDSC (0.5 K/min); BDS; ATR-FTIR.";10.1021/acs.molpharmaceut.5b00334;knapik;2015;"Table 1; Figure 8d; Section 'Long-term physical stability'";2026-05-07;claude_code;Tg from DSC 10 K/min (Table 1, second column). Original paper also reports TMDSC 0.5 K/min values which differ by 1-3 K. Isothermal DSC at 398 K (Fig 7) confirmed slowed crystallization with IDP content vs. pure EZB. | [review] Protokolla 297 K / 25% RH ei sovi standardiluokkaan;non_standard;72.0;297.0;;;;;;;;;
knapik2015_04;"Table 1; Figure 8c-d; Section 'Long-term physical stability'";Ezetimibe;Indapamide;api;api;C1=CC(=CC=C1[C@@H]2[C@H](C(=O)N2C3=CC=C(C=C3)F)CC[C@@H](C4=CC=C(C=C4)F)O)O;CC1CC2=CC=CC=C2N1NC(=O)C3=CC(=C(C=C3)Cl)S(=O)(=O)N;O=C1[C@H](CC[C@H](O)c2ccc(F)cc2)[C@@H](c2ccc(O)cc2)N1c1ccc(F)cc1;CC1Cc2ccccc2N1NC(=O)c1ccc(Cl)c(S(N)(=O)=O)c1;OLNTVTPDXPETLC-XPWALMASSA-N;NDDAHWYSQHTHNT-UHFFFAOYSA-N;;;0.5;0.5;0.5;0.5;0.531;0.469;molar_ratio;quench_cooling;Physical mixtures prepared by gentle mortar mixing for 5 min, dried 10 min at 373 K, then melted in aluminum dish on hot plate at T = 440 K for <=2 min. Vitrification by fast transfer to cold copper plate.;;;dsc_thermogram_inferred;unknown;2-3m;non_standard;low;72.0;True;23.85;25.0;353.8;;10.0;;;True;"XRD; DSC; TMDSC (0.5 K/min); BDS; ATR-FTIR.";10.1021/acs.molpharmaceut.5b00334;knapik;2015;"Table 1; Figure 8c-d; Section 'Long-term physical stability'";2026-05-07;claude_code;Tg from DSC 10 K/min (Table 1, second column). Original paper also reports TMDSC 0.5 K/min values which differ by 1-3 K. XRD time series shown explicitly in Figure 8c (amorphous halos at 14, 21, 29, 39 and 72 days). | [review] Protokolla 297 K / 25% RH ei sovi standardiluokkaan;non_standard;72.0;297.0;;;;;;;;;
knapik2015_05;"Table 1; Figure 8d; Section 'Long-term physical stability'";Ezetimibe;Indapamide;api;api;C1=CC(=CC=C1[C@@H]2[C@H](C(=O)N2C3=CC=C(C=C3)F)CC[C@@H](C4=CC=C(C=C4)F)O)O;CC1CC2=CC=CC=C2N1NC(=O)C3=CC(=C(C=C3)Cl)S(=O)(=O)N;O=C1[C@H](CC[C@H](O)c2ccc(F)cc2)[C@@H](c2ccc(O)cc2)N1c1ccc(F)cc1;CC1Cc2ccccc2N1NC(=O)c1ccc(Cl)c(S(N)(=O)=O)c1;OLNTVTPDXPETLC-XPWALMASSA-N;NDDAHWYSQHTHNT-UHFFFAOYSA-N;;;0.3333;0.6667;0.333;0.667;0.352;0.648;molar_ratio;quench_cooling;Physical mixtures prepared by gentle mortar mixing for 5 min, dried 10 min at 373 K, then melted in aluminum dish on hot plate at T = 440 K for <=2 min. Vitrification by fast transfer to cold copper plate.;;;dsc_thermogram_inferred;unknown;2-3m;non_standard;low;72.0;True;23.85;25.0;360.4;;10.0;;;True;"XRD; DSC; TMDSC (0.5 K/min); BDS; ATR-FTIR.";10.1021/acs.molpharmaceut.5b00334;knapik;2015;"Table 1; Figure 8d; Section 'Long-term physical stability'";2026-05-07;claude_code;"Tg from DSC 10 K/min (Table 1, second column). Original paper also reports TMDSC 0.5 K/min values which differ by 1-3 K. Mixture has highest IDP content; lowest fragility parameter mp = 78 (vs 93 pure EZB) suggesting strongest stabilization. | [review] Protokolla 297 K / 25% RH ei sovi standardiluokkaan";non_standard;72.0;297.0;;;;;;;;;
knapik2019_01;Figure 3b;Ezetimibe;simvastatin;api;api;C1=CC(=CC=C1[C@@H]2[C@H](C(=O)N2C3=CC=C(C=C3)F)CC[C@@H](C4=CC=C(C=C4)F)O)O;CCC(C)(C)C(=O)O[C@H]1C[C@H](C=C2[C@H]1[C@H]([C@H](C=C2)C)CC[C@@H]3C[C@H](CC(=O)O3)O)C;O=C1[C@H](CC[C@H](O)c2ccc(F)cc2)[C@@H](c2ccc(O)cc2)N1c1ccc(F)cc1;CCC(C)(C)C(=O)O[C@H]1C[C@@H](C)C=C2C=C[C@H](C)[C@H](CC[C@@H]3C[C@@H](O)CC(=O)O3)[C@H]21;OLNTVTPDXPETLC-XPWALMASSA-N;RYMZZMVNJRMUDD-HGQWONQESA-N;;;0.506;0.494;0.506;0.494;0.5;0.5;weight_ratio;melt_quench;Physical mixture obtained by gentle mixing in a mortar for 15-20 min, then quench cooled in DSC at 10 K/min after melting.;3;Class III;dsc_cycle_full_reported;high;>=12m;ich_q1a_long_term;high;365.0;True;25.0;60.0;323.0;;10.0;436.0;412.0;True;XRD, DSC;10.3390/ph12010040;knapik;2019;Figure 3b;2026-05-07;claude_code;Stored at standard storage conditions (T = 298 K, RH = 60%). XRD measured daily for a week, weekly for a month, then monthly up to 1 year.;ich_q1a_long_term;365.0;298.15;;;;;;;;;
knapik2019_02;Figure 3c;Ezetimibe;simvastatin;api;api;C1=CC(=CC=C1[C@@H]2[C@H](C(=O)N2C3=CC=C(C=C3)F)CC[C@@H](C4=CC=C(C=C4)F)O)O;CCC(C)(C)C(=O)O[C@H]1C[C@H](C=C2[C@H]1[C@H]([C@H](C=C2)C)CC[C@@H]3C[C@H](CC(=O)O3)O)C;O=C1[C@H](CC[C@H](O)c2ccc(F)cc2)[C@@H](c2ccc(O)cc2)N1c1ccc(F)cc1;CCC(C)(C)C(=O)O[C@H]1C[C@@H](C)C=C2C=C[C@H](C)[C@H](CC[C@@H]3C[C@@H](O)CC(=O)O3)[C@H]21;OLNTVTPDXPETLC-XPWALMASSA-N;RYMZZMVNJRMUDD-HGQWONQESA-N;;;0.506;0.494;0.506;0.494;0.5;0.5;weight_ratio;melt_quench;Physical mixture obtained by gentle mixing in a mortar for 15-20 min, then quench cooled in DSC at 10 K/min after melting.;3;Class III;dsc_cycle_full_reported;high;<1w;above_tg_kinetic;low;0.146;False;99.85;;323.0;;10.0;436.0;412.0;True;XRD, DSC;10.3390/ph12010040;knapik;2019;Figure 3c;2026-05-07;claude_code;"Stored at elevated temperature (T = 373 K, ~50 K above Tg), supercooled liquid state. Recrystallization onset at 210 min (3.5 h = 0.146 d). Total experiment duration 30 h. | [review] Storage at T > Tg (supercooled liquid), well outside ICH Q1A protocols; RH not reported for 373 K experiment";above_tg_kinetic;1.25;373.0;;;;;;;;;
lobmann2011_01;"Table 1; Figure 6 (2:1 NAP:IND, 4 °C)";Naproxen;indomethacin;api;api;C[C@@H](C1=CC2=C(C=C1)C=C(C=C2)OC)C(=O)O;CC1=C(C2=C(N1C(=O)C3=CC=C(C=C3)Cl)C=CC(=C2)OC)CC(=O)O;COc1ccc2cc([C@H](C)C(=O)O)ccc2c1;COc1ccc2c(c1)c(CC(=O)O)c(C)n2C(=O)c1ccc(Cl)cc1;CMWTZPSULFXXJA-VIFPVBQESA-N;CGIGDMFJXJATDK-UHFFFAOYSA-N;;;0.6667;0.3333;0.6667;0.3333;0.2434;0.7566;molar_ratio;quench_cooling;"Physical mixture (mortar/pestle 60 s) melted in aluminum dish at 441.15 K for 5 min, then quench cooled by pouring liquid nitrogen onto sample; stored over P2O5 until room temperature; gently milled with mortar and pestle.";;;not_reported;unknown;1-2w;dry_short_term;low;7.0;False;4.0;0.0;292.04;0.36;10.0;431.25;435.15;False;"XRPD (days 0, 7, 14, 21); DSC for Tg";10.1021/mp2002973;lobmann;2011;"Table 1; Figure 6 (2:1 NAP:IND, 4 °C)";2026-05-06;claude_code;"Excess NAP recrystallized at 4 °C (Figure 6 shows distinct NAP peak at 19.1° already at 4 °C). Exact day of first appearance not specified - assigned to first interval (day 7) but uncertain. | [review] Exact crystallization onset day not reported (only days 0/7/14/21 measured); induction_time_days is approximate.";dry_short_term;21.0;277.15;;;;;;;;;
lobmann2011_02;"Table 1; Figure 6 (2:1 NAP:IND, 25 °C)";Naproxen;indomethacin;api;api;C[C@@H](C1=CC2=C(C=C1)C=C(C=C2)OC)C(=O)O;CC1=C(C2=C(N1C(=O)C3=CC=C(C=C3)Cl)C=CC(=C2)OC)CC(=O)O;COc1ccc2cc([C@H](C)C(=O)O)ccc2c1;COc1ccc2c(c1)c(CC(=O)O)c(C)n2C(=O)c1ccc(Cl)cc1;CMWTZPSULFXXJA-VIFPVBQESA-N;CGIGDMFJXJATDK-UHFFFAOYSA-N;;;0.6667;0.3333;0.6667;0.3333;0.2434;0.7566;molar_ratio;quench_cooling;"Physical mixture (mortar/pestle 60 s) melted in aluminum dish at 441.15 K for 5 min, then quench cooled by pouring liquid nitrogen onto sample; stored over P2O5 until room temperature; gently milled with mortar and pestle.";;;not_reported;unknown;1-2w;dry_short_term;low;7.0;False;25.0;0.0;292.04;0.36;10.0;431.25;435.15;False;"XRPD (days 0, 7, 14, 21); DSC for Tg";10.1021/mp2002973;lobmann;2011;"Table 1; Figure 6 (2:1 NAP:IND, 25 °C)";2026-05-06;claude_code;"Excess NAP recrystallized at 25 °C (Figure 6: peaks at 6.8°, 12.8°, 19.0°, 22.5°, 27.4°). Exact onset day not specified. | [review] Exact crystallization onset day not reported (only days 0/7/14/21 measured); induction_time_days is approximate.";dry_short_term;21.0;298.15;;;;;;;;;
lobmann2011_03;"Table 1; Figure 6 (1:1 NAP:IND, 4 °C)";Naproxen;indomethacin;api;api;C[C@@H](C1=CC2=C(C=C1)C=C(C=C2)OC)C(=O)O;CC1=C(C2=C(N1C(=O)C3=CC=C(C=C3)Cl)C=CC(=C2)OC)CC(=O)O;COc1ccc2cc([C@H](C)C(=O)O)ccc2c1;COc1ccc2c(c1)c(CC(=O)O)c(C)n2C(=O)c1ccc(Cl)cc1;CMWTZPSULFXXJA-VIFPVBQESA-N;CGIGDMFJXJATDK-UHFFFAOYSA-N;;;0.5;0.5;0.5;0.5;0.3917;0.6083;molar_ratio;quench_cooling;"Physical mixture (mortar/pestle 60 s) melted in aluminum dish at 441.15 K for 5 min, then quench cooled by pouring liquid nitrogen onto sample; stored over P2O5 until room temperature; gently milled with mortar and pestle.";;;not_reported;unknown;3-4w;dry_short_term;low;21.0;True;4.0;0.0;298.45;0.24;10.0;431.25;435.15;True;"XRPD (days 0, 7, 14, 21); DSC for Tg; ATR-FTIR (heterodimer evidence)";10.1021/mp2002973;lobmann;2011;"Table 1; Figure 6 (1:1 NAP:IND, 4 °C)";2026-05-06;claude_code;"1:1 sample remained amorphous through 21-day study at 4 °C; no crystallization observed.";dry_short_term;21.0;277.15;;;;;;;;;
lobmann2011_04;"Table 1; Figure 6 (1:1 NAP:IND, 25 °C)";Naproxen;indomethacin;api;api;C[C@@H](C1=CC2=C(C=C1)C=C(C=C2)OC)C(=O)O;CC1=C(C2=C(N1C(=O)C3=CC=C(C=C3)Cl)C=CC(=C2)OC)CC(=O)O;COc1ccc2cc([C@H](C)C(=O)O)ccc2c1;COc1ccc2c(c1)c(CC(=O)O)c(C)n2C(=O)c1ccc(Cl)cc1;CMWTZPSULFXXJA-VIFPVBQESA-N;CGIGDMFJXJATDK-UHFFFAOYSA-N;;;0.5;0.5;0.5;0.5;0.3917;0.6083;molar_ratio;quench_cooling;"Physical mixture (mortar/pestle 60 s) melted in aluminum dish at 441.15 K for 5 min, then quench cooled by pouring liquid nitrogen onto sample; stored over P2O5 until room temperature; gently milled with mortar and pestle.";;;not_reported;unknown;3-4w;dry_short_term;low;21.0;True;25.0;0.0;298.45;0.24;10.0;431.25;435.15;True;"XRPD (days 0, 7, 14, 21); DSC for Tg; ATR-FTIR (heterodimer evidence)";10.1021/mp2002973;lobmann;2011;"Table 1; Figure 6 (1:1 NAP:IND, 25 °C)";2026-05-06;claude_code;"1:1 sample remained amorphous through 21-day study at 25 °C; FTIR indicates heterodimer formation between NAP and IND carboxylic acid groups.";dry_short_term;21.0;298.15;;;;;;;;;
lobmann2011_05;"Table 1; Figure 6 (1:2 NAP:IND, 4 °C)";Naproxen;indomethacin;api;api;C[C@@H](C1=CC2=C(C=C1)C=C(C=C2)OC)C(=O)O;CC1=C(C2=C(N1C(=O)C3=CC=C(C=C3)Cl)C=CC(=C2)OC)CC(=O)O;COc1ccc2cc([C@H](C)C(=O)O)ccc2c1;COc1ccc2c(c1)c(CC(=O)O)c(C)n2C(=O)c1ccc(Cl)cc1;CMWTZPSULFXXJA-VIFPVBQESA-N;CGIGDMFJXJATDK-UHFFFAOYSA-N;;;0.3333;0.6667;0.3333;0.6667;0.4372;0.5628;molar_ratio;quench_cooling;"Physical mixture (mortar/pestle 60 s) melted in aluminum dish at 441.15 K for 5 min, then quench cooled by pouring liquid nitrogen onto sample; stored over P2O5 until room temperature; gently milled with mortar and pestle.";;;not_reported;unknown;3-4w;dry_short_term;low;21.0;True;4.0;0.0;305.16;0.22;10.0;431.25;435.15;True;"XRPD (days 0, 7, 14, 21); DSC for Tg";10.1021/mp2002973;lobmann;2011;"Table 1; Figure 6 (1:2 NAP:IND, 4 °C)";2026-05-06;claude_code;At 4 °C (277.15 K) the 1:2 sample remained amorphous (only halo visible in Figure 6, top right).;dry_short_term;21.0;277.15;;;;;;;;;
lobmann2011_06;"Table 1; Figure 6 (1:2 NAP:IND, 25 °C)";Naproxen;indomethacin;api;api;C[C@@H](C1=CC2=C(C=C1)C=C(C=C2)OC)C(=O)O;CC1=C(C2=C(N1C(=O)C3=CC=C(C=C3)Cl)C=CC(=C2)OC)CC(=O)O;COc1ccc2cc([C@H](C)C(=O)O)ccc2c1;COc1ccc2c(c1)c(CC(=O)O)c(C)n2C(=O)c1ccc(Cl)cc1;CMWTZPSULFXXJA-VIFPVBQESA-N;CGIGDMFJXJATDK-UHFFFAOYSA-N;;;0.3333;0.6667;0.3333;0.6667;0.4372;0.5628;molar_ratio;quench_cooling;"Physical mixture (mortar/pestle 60 s) melted in aluminum dish at 441.15 K for 5 min, then quench cooled by pouring liquid nitrogen onto sample; stored over P2O5 until room temperature; gently milled with mortar and pestle.";;;not_reported;unknown;1-2w;dry_short_term;low;7.0;False;25.0;0.0;305.16;0.22;10.0;431.25;435.15;False;"XRPD (days 0, 7, 14, 21); DSC for Tg";10.1021/mp2002973;lobmann;2011;"Table 1; Figure 6 (1:2 NAP:IND, 25 °C)";2026-05-06;claude_code;"Excess γ-IND recrystallized at 25 °C (Figure 6: peaks at 11.8°, 17.2°, 22.0°, 26.7°). Exact onset day not specified. | [review] Exact crystallization onset day not reported (only days 0/7/14/21 measured); induction_time_days is approximate.";dry_short_term;21.0;298.15;;;;;;;;;
lobmann2012_01;Table 3;simvastatin;glipizide;api;api;CCC(C)(C)C(=O)O[C@H]1C[C@H](C=C2[C@H]1[C@H]([C@H](C=C2)C)CC[C@@H]3C[C@H](CC(=O)O3)O)C;CC1=CN=C(C=N1)C(=O)NCCC2=CC=C(C=C2)S(=O)(=O)NC(=O)NC3CCCCC3;CCC(C)(C)C(=O)O[C@H]1C[C@@H](C)C=C2C=C[C@H](C)[C@H](CC[C@@H]3C[C@@H](O)CC(=O)O3)[C@H]21;Cc1cnc(C(=O)NCCc2ccc(S(=O)(=O)NC(=O)NC3CCCCC3)cc2)cn1;RYMZZMVNJRMUDD-HGQWONQESA-N;ZJJXGWJIGJFDTL-UHFFFAOYSA-N;;;0.6667;0.3333;0.6667;0.3333;;;molar_ratio;ball_milling;Ball milling: 500 mg total mass of crystalline SVS and GPZ in 2:1 molar ratio in milling chamber with three 9 mm stainless steel balls, milled at 30 Hz for 110 min in an oscillatory ball mill (Mixer Mill MM301).;;;not_reported;unknown;4-5m;non_standard;low;128.0;False;4.0;0.0;314.25;6.2;10.0;412.55;485.35;True;XRPD, FTIR, DSC;10.1016/j.ijpharm.2012.05.016;lobmann;2012;Table 3;2026-05-05;claude_code;RH 0% achieved with P2O5 desiccant. SVS-GPZ 2:1 BM Tg = 41.1 +/- 6.2 C (Table 1).;non_standard;133.0;277.15;;;;;;;;;
lobmann2012_02;Table 3;simvastatin;glipizide;api;api;CCC(C)(C)C(=O)O[C@H]1C[C@H](C=C2[C@H]1[C@H]([C@H](C=C2)C)CC[C@@H]3C[C@H](CC(=O)O3)O)C;CC1=CN=C(C=N1)C(=O)NCCC2=CC=C(C=C2)S(=O)(=O)NC(=O)NC3CCCCC3;CCC(C)(C)C(=O)O[C@H]1C[C@@H](C)C=C2C=C[C@H](C)[C@H](CC[C@@H]3C[C@@H](O)CC(=O)O3)[C@H]21;Cc1cnc(C(=O)NCCc2ccc(S(=O)(=O)NC(=O)NC3CCCCC3)cc2)cn1;RYMZZMVNJRMUDD-HGQWONQESA-N;ZJJXGWJIGJFDTL-UHFFFAOYSA-N;;;0.6667;0.3333;0.6667;0.3333;;;molar_ratio;ball_milling;Ball milling: 500 mg total mass of crystalline SVS and GPZ in 2:1 molar ratio in milling chamber with three 9 mm stainless steel balls, milled at 30 Hz for 110 min in an oscillatory ball mill (Mixer Mill MM301).;;;not_reported;unknown;1-2m;non_standard;low;44.0;False;25.0;0.0;314.25;6.2;10.0;412.55;485.35;True;XRPD, FTIR, DSC;10.1016/j.ijpharm.2012.05.016;lobmann;2012;Table 3;2026-05-05;claude_code;RH 0% achieved with P2O5 desiccant. FTIR (surface, 2 um penetration) detected onset earlier than XRPD (bulk).;non_standard;44.0;298.15;;;;;;;;;
lobmann2012_03;Table 3;simvastatin;glipizide;api;api;CCC(C)(C)C(=O)O[C@H]1C[C@H](C=C2[C@H]1[C@H]([C@H](C=C2)C)CC[C@@H]3C[C@H](CC(=O)O3)O)C;CC1=CN=C(C=N1)C(=O)NCCC2=CC=C(C=C2)S(=O)(=O)NC(=O)NC3CCCCC3;CCC(C)(C)C(=O)O[C@H]1C[C@@H](C)C=C2C=C[C@H](C)[C@H](CC[C@@H]3C[C@@H](O)CC(=O)O3)[C@H]21;Cc1cnc(C(=O)NCCc2ccc(S(=O)(=O)NC(=O)NC3CCCCC3)cc2)cn1;RYMZZMVNJRMUDD-HGQWONQESA-N;ZJJXGWJIGJFDTL-UHFFFAOYSA-N;;;0.6667;0.3333;0.6667;0.3333;;;molar_ratio;ball_milling;Ball milling: 500 mg total mass of crystalline SVS and GPZ in 2:1 molar ratio in milling chamber with three 9 mm stainless steel balls, milled at 30 Hz for 110 min in an oscillatory ball mill (Mixer Mill MM301).;;;not_reported;unknown;1-2w;ich_q1a_long_term;high;8.0;False;25.0;60.0;314.25;6.2;10.0;412.55;485.35;True;XRPD, FTIR, DSC;10.1016/j.ijpharm.2012.05.016;lobmann;2012;Table 3;2026-05-05;claude_code;RH 60% achieved with saturated NaBr solution. FTIR (surface) detected onset much earlier than XRPD (bulk).;ich_q1a_long_term;8.0;298.15;;;;;;;;;
lobmann2012_04;Table 3;simvastatin;glipizide;api;api;CCC(C)(C)C(=O)O[C@H]1C[C@H](C=C2[C@H]1[C@H]([C@H](C=C2)C)CC[C@@H]3C[C@H](CC(=O)O3)O)C;CC1=CN=C(C=N1)C(=O)NCCC2=CC=C(C=C2)S(=O)(=O)NC(=O)NC3CCCCC3;CCC(C)(C)C(=O)O[C@H]1C[C@@H](C)C=C2C=C[C@H](C)[C@H](CC[C@@H]3C[C@@H](O)CC(=O)O3)[C@H]21;Cc1cnc(C(=O)NCCc2ccc(S(=O)(=O)NC(=O)NC3CCCCC3)cc2)cn1;RYMZZMVNJRMUDD-HGQWONQESA-N;ZJJXGWJIGJFDTL-UHFFFAOYSA-N;;;0.5;0.5;0.5;0.5;;;molar_ratio;ball_milling;Ball milling: 500 mg total mass of crystalline SVS and GPZ in 1:1 molar ratio in milling chamber with three 9 mm stainless steel balls, milled at 30 Hz for 110 min in an oscillatory ball mill (Mixer Mill MM301).;;;not_reported;unknown;4-5m;non_standard;low;128.0;False;4.0;0.0;319.45;6.6;10.0;412.55;485.35;True;XRPD, FTIR, DSC;10.1016/j.ijpharm.2012.05.016;lobmann;2012;Table 3;2026-05-05;claude_code;RH 0% achieved with P2O5 desiccant. SVS-GPZ 1:1 BM Tg = 46.3 +/- 6.6 C (Table 1).;non_standard;139.0;277.15;;;;;;;;;
lobmann2012_05;Table 3;simvastatin;glipizide;api;api;CCC(C)(C)C(=O)O[C@H]1C[C@H](C=C2[C@H]1[C@H]([C@H](C=C2)C)CC[C@@H]3C[C@H](CC(=O)O3)O)C;CC1=CN=C(C=N1)C(=O)NCCC2=CC=C(C=C2)S(=O)(=O)NC(=O)NC3CCCCC3;CCC(C)(C)C(=O)O[C@H]1C[C@@H](C)C=C2C=C[C@H](C)[C@H](CC[C@@H]3C[C@@H](O)CC(=O)O3)[C@H]21;Cc1cnc(C(=O)NCCc2ccc(S(=O)(=O)NC(=O)NC3CCCCC3)cc2)cn1;RYMZZMVNJRMUDD-HGQWONQESA-N;ZJJXGWJIGJFDTL-UHFFFAOYSA-N;;;0.5;0.5;0.5;0.5;;;molar_ratio;ball_milling;Ball milling: 500 mg total mass of crystalline SVS and GPZ in 1:1 molar ratio in milling chamber with three 9 mm stainless steel balls, milled at 30 Hz for 110 min in an oscillatory ball mill (Mixer Mill MM301).;;;not_reported;unknown;1-2m;non_standard;low;52.0;False;25.0;0.0;319.45;6.6;10.0;412.55;485.35;True;XRPD, FTIR, DSC;10.1016/j.ijpharm.2012.05.016;lobmann;2012;Table 3;2026-05-05;claude_code;RH 0% achieved with P2O5 desiccant.;non_standard;52.0;298.15;;;;;;;;;
lobmann2012_06;Table 3;simvastatin;glipizide;api;api;CCC(C)(C)C(=O)O[C@H]1C[C@H](C=C2[C@H]1[C@H]([C@H](C=C2)C)CC[C@@H]3C[C@H](CC(=O)O3)O)C;CC1=CN=C(C=N1)C(=O)NCCC2=CC=C(C=C2)S(=O)(=O)NC(=O)NC3CCCCC3;CCC(C)(C)C(=O)O[C@H]1C[C@@H](C)C=C2C=C[C@H](C)[C@H](CC[C@@H]3C[C@@H](O)CC(=O)O3)[C@H]21;Cc1cnc(C(=O)NCCc2ccc(S(=O)(=O)NC(=O)NC3CCCCC3)cc2)cn1;RYMZZMVNJRMUDD-HGQWONQESA-N;ZJJXGWJIGJFDTL-UHFFFAOYSA-N;;;0.5;0.5;0.5;0.5;;;molar_ratio;ball_milling;Ball milling: 500 mg total mass of crystalline SVS and GPZ in 1:1 molar ratio in milling chamber with three 9 mm stainless steel balls, milled at 30 Hz for 110 min in an oscillatory ball mill (Mixer Mill MM301).;;;not_reported;unknown;2-3w;ich_q1a_long_term;high;16.0;False;25.0;60.0;319.45;6.6;10.0;412.55;485.35;True;XRPD, FTIR, DSC;10.1016/j.ijpharm.2012.05.016;lobmann;2012;Table 3;2026-05-05;claude_code;RH 60% achieved with saturated NaBr solution.;ich_q1a_long_term;16.0;298.15;;;;;;;;;
lobmann2012_07;Table 3;simvastatin;glipizide;api;api;CCC(C)(C)C(=O)O[C@H]1C[C@H](C=C2[C@H]1[C@H]([C@H](C=C2)C)CC[C@@H]3C[C@H](CC(=O)O3)O)C;CC1=CN=C(C=N1)C(=O)NCCC2=CC=C(C=C2)S(=O)(=O)NC(=O)NC3CCCCC3;CCC(C)(C)C(=O)O[C@H]1C[C@@H](C)C=C2C=C[C@H](C)[C@H](CC[C@@H]3C[C@@H](O)CC(=O)O3)[C@H]21;Cc1cnc(C(=O)NCCc2ccc(S(=O)(=O)NC(=O)NC3CCCCC3)cc2)cn1;RYMZZMVNJRMUDD-HGQWONQESA-N;ZJJXGWJIGJFDTL-UHFFFAOYSA-N;;;0.6667;0.3333;0.6667;0.3333;;;molar_ratio;cryo_milling;Cryomilling: 500 mg total mass of crystalline SVS and GPZ in 2:1 molar ratio in milling chamber with three 9 mm stainless steel balls, milled at 30 Hz for 60 min in an oscillatory ball mill (Mixer Mill MM301) placed in a +4 C cold room. Chambers immersed in liquid N2 for 2 min before milling and at 10 min intervals during milling.;;;not_reported;unknown;2-3m;non_standard;low;74.0;False;4.0;0.0;314.65;5.1;10.0;412.55;485.35;True;XRPD, FTIR, DSC;10.1016/j.ijpharm.2012.05.016;lobmann;2012;Table 3;2026-05-05;claude_code;RH 0% achieved with P2O5 desiccant. SVS-GPZ 2:1 CM Tg = 41.5 +/- 5.1 C (Table 1).;non_standard;79.0;277.15;;;;;;;;;
lobmann2012_08;Table 3;simvastatin;glipizide;api;api;CCC(C)(C)C(=O)O[C@H]1C[C@H](C=C2[C@H]1[C@H]([C@H](C=C2)C)CC[C@@H]3C[C@H](CC(=O)O3)O)C;CC1=CN=C(C=N1)C(=O)NCCC2=CC=C(C=C2)S(=O)(=O)NC(=O)NC3CCCCC3;CCC(C)(C)C(=O)O[C@H]1C[C@@H](C)C=C2C=C[C@H](C)[C@H](CC[C@@H]3C[C@@H](O)CC(=O)O3)[C@H]21;Cc1cnc(C(=O)NCCc2ccc(S(=O)(=O)NC(=O)NC3CCCCC3)cc2)cn1;RYMZZMVNJRMUDD-HGQWONQESA-N;ZJJXGWJIGJFDTL-UHFFFAOYSA-N;;;0.6667;0.3333;0.6667;0.3333;;;molar_ratio;cryo_milling;Cryomilling: 500 mg total mass of crystalline SVS and GPZ in 2:1 molar ratio in milling chamber with three 9 mm stainless steel balls, milled at 30 Hz for 60 min in an oscillatory ball mill (Mixer Mill MM301) placed in a +4 C cold room. Chambers immersed in liquid N2 for 2 min before milling and at 10 min intervals during milling.;;;not_reported;unknown;1-2m;non_standard;low;53.0;False;25.0;0.0;314.65;5.1;10.0;412.55;485.35;True;XRPD, FTIR, DSC;10.1016/j.ijpharm.2012.05.016;lobmann;2012;Table 3;2026-05-05;claude_code;RH 0% achieved with P2O5 desiccant.;non_standard;58.0;298.15;;;;;;;;;
lobmann2012_09;Table 3;simvastatin;glipizide;api;api;CCC(C)(C)C(=O)O[C@H]1C[C@H](C=C2[C@H]1[C@H]([C@H](C=C2)C)CC[C@@H]3C[C@H](CC(=O)O3)O)C;CC1=CN=C(C=N1)C(=O)NCCC2=CC=C(C=C2)S(=O)(=O)NC(=O)NC3CCCCC3;CCC(C)(C)C(=O)O[C@H]1C[C@@H](C)C=C2C=C[C@H](C)[C@H](CC[C@@H]3C[C@@H](O)CC(=O)O3)[C@H]21;Cc1cnc(C(=O)NCCc2ccc(S(=O)(=O)NC(=O)NC3CCCCC3)cc2)cn1;RYMZZMVNJRMUDD-HGQWONQESA-N;ZJJXGWJIGJFDTL-UHFFFAOYSA-N;;;0.6667;0.3333;0.6667;0.3333;;;molar_ratio;cryo_milling;Cryomilling: 500 mg total mass of crystalline SVS and GPZ in 2:1 molar ratio in milling chamber with three 9 mm stainless steel balls, milled at 30 Hz for 60 min in an oscillatory ball mill (Mixer Mill MM301) placed in a +4 C cold room. Chambers immersed in liquid N2 for 2 min before milling and at 10 min intervals during milling.;;;not_reported;unknown;1-2m;ich_q1a_long_term;high;46.0;False;25.0;60.0;314.65;5.1;10.0;412.55;485.35;True;XRPD, FTIR, DSC;10.1016/j.ijpharm.2012.05.016;lobmann;2012;Table 3;2026-05-05;claude_code;RH 60% achieved with saturated NaBr solution.;ich_q1a_long_term;46.0;298.15;;;;;;;;;
lobmann2012_10;Table 3;simvastatin;glipizide;api;api;CCC(C)(C)C(=O)O[C@H]1C[C@H](C=C2[C@H]1[C@H]([C@H](C=C2)C)CC[C@@H]3C[C@H](CC(=O)O3)O)C;CC1=CN=C(C=N1)C(=O)NCCC2=CC=C(C=C2)S(=O)(=O)NC(=O)NC3CCCCC3;CCC(C)(C)C(=O)O[C@H]1C[C@@H](C)C=C2C=C[C@H](C)[C@H](CC[C@@H]3C[C@@H](O)CC(=O)O3)[C@H]21;Cc1cnc(C(=O)NCCc2ccc(S(=O)(=O)NC(=O)NC3CCCCC3)cc2)cn1;RYMZZMVNJRMUDD-HGQWONQESA-N;ZJJXGWJIGJFDTL-UHFFFAOYSA-N;;;0.5;0.5;0.5;0.5;;;molar_ratio;cryo_milling;Cryomilling: 500 mg total mass of crystalline SVS and GPZ in 1:1 molar ratio in milling chamber with three 9 mm stainless steel balls, milled at 30 Hz for 60 min in an oscillatory ball mill (Mixer Mill MM301) placed in a +4 C cold room. Chambers immersed in liquid N2 for 2 min before milling and at 10 min intervals during milling.;;;not_reported;unknown;2-3m;non_standard;low;88.0;False;4.0;0.0;319.85;5.2;10.0;412.55;485.35;True;XRPD, FTIR, DSC;10.1016/j.ijpharm.2012.05.016;lobmann;2012;Table 3;2026-05-05;claude_code;RH 0% achieved with P2O5 desiccant. SVS-GPZ 1:1 CM Tg = 46.7 +/- 5.2 C (Table 1).;non_standard;88.0;277.15;;;;;;;;;
lobmann2012_11;Table 3;simvastatin;glipizide;api;api;CCC(C)(C)C(=O)O[C@H]1C[C@H](C=C2[C@H]1[C@H]([C@H](C=C2)C)CC[C@@H]3C[C@H](CC(=O)O3)O)C;CC1=CN=C(C=N1)C(=O)NCCC2=CC=C(C=C2)S(=O)(=O)NC(=O)NC3CCCCC3;CCC(C)(C)C(=O)O[C@H]1C[C@@H](C)C=C2C=C[C@H](C)[C@H](CC[C@@H]3C[C@@H](O)CC(=O)O3)[C@H]21;Cc1cnc(C(=O)NCCc2ccc(S(=O)(=O)NC(=O)NC3CCCCC3)cc2)cn1;RYMZZMVNJRMUDD-HGQWONQESA-N;ZJJXGWJIGJFDTL-UHFFFAOYSA-N;;;0.5;0.5;0.5;0.5;;;molar_ratio;cryo_milling;Cryomilling: 500 mg total mass of crystalline SVS and GPZ in 1:1 molar ratio in milling chamber with three 9 mm stainless steel balls, milled at 30 Hz for 60 min in an oscillatory ball mill (Mixer Mill MM301) placed in a +4 C cold room. Chambers immersed in liquid N2 for 2 min before milling and at 10 min intervals during milling.;;;not_reported;unknown;2-3m;non_standard;low;74.0;False;25.0;0.0;319.85;5.2;10.0;412.55;485.35;True;XRPD, FTIR, DSC;10.1016/j.ijpharm.2012.05.016;lobmann;2012;Table 3;2026-05-05;claude_code;RH 0% achieved with P2O5 desiccant.;non_standard;79.0;298.15;;;;;;;;;
lobmann2012_12;Table 3;simvastatin;glipizide;api;api;CCC(C)(C)C(=O)O[C@H]1C[C@H](C=C2[C@H]1[C@H]([C@H](C=C2)C)CC[C@@H]3C[C@H](CC(=O)O3)O)C;CC1=CN=C(C=N1)C(=O)NCCC2=CC=C(C=C2)S(=O)(=O)NC(=O)NC3CCCCC3;CCC(C)(C)C(=O)O[C@H]1C[C@@H](C)C=C2C=C[C@H](C)[C@H](CC[C@@H]3C[C@@H](O)CC(=O)O3)[C@H]21;Cc1cnc(C(=O)NCCc2ccc(S(=O)(=O)NC(=O)NC3CCCCC3)cc2)cn1;RYMZZMVNJRMUDD-HGQWONQESA-N;ZJJXGWJIGJFDTL-UHFFFAOYSA-N;;;0.5;0.5;0.5;0.5;;;molar_ratio;cryo_milling;Cryomilling: 500 mg total mass of crystalline SVS and GPZ in 1:1 molar ratio in milling chamber with three 9 mm stainless steel balls, milled at 30 Hz for 60 min in an oscillatory ball mill (Mixer Mill MM301) placed in a +4 C cold room. Chambers immersed in liquid N2 for 2 min before milling and at 10 min intervals during milling.;;;not_reported;unknown;2-3m;ich_q1a_long_term;high;74.0;False;25.0;60.0;319.85;5.2;10.0;412.55;485.35;True;XRPD, FTIR, DSC;10.1016/j.ijpharm.2012.05.016;lobmann;2012;Table 3;2026-05-05;claude_code;RH 60% achieved with saturated NaBr solution.;ich_q1a_long_term;74.0;298.15;;;;;;;;;
lobmann2012_13;Table 3;simvastatin;glipizide;api;api;CCC(C)(C)C(=O)O[C@H]1C[C@H](C=C2[C@H]1[C@H]([C@H](C=C2)C)CC[C@@H]3C[C@H](CC(=O)O3)O)C;CC1=CN=C(C=N1)C(=O)NCCC2=CC=C(C=C2)S(=O)(=O)NC(=O)NC3CCCCC3;CCC(C)(C)C(=O)O[C@H]1C[C@@H](C)C=C2C=C[C@H](C)[C@H](CC[C@@H]3C[C@@H](O)CC(=O)O3)[C@H]21;Cc1cnc(C(=O)NCCc2ccc(S(=O)(=O)NC(=O)NC3CCCCC3)cc2)cn1;RYMZZMVNJRMUDD-HGQWONQESA-N;ZJJXGWJIGJFDTL-UHFFFAOYSA-N;;;0.3333;0.6667;0.3333;0.6667;;;molar_ratio;cryo_milling;"Cryomilling: 500 mg total mass of crystalline SVS and GPZ in 1:2 molar ratio in milling chamber with three 9 mm stainless steel balls, milled at 30 Hz for 60 min in an oscillatory ball mill (Mixer Mill MM301) placed in a +4 C cold room. Chambers immersed in liquid N2 for 2 min before milling and at 10 min intervals during milling. Note: 1:2 BM was excluded due to remaining crystallinity (excess GPZ); only CM produced fully amorphous 1:2 mixture.";;;not_reported;unknown;3-4m;non_standard;low;95.0;False;4.0;0.0;326.75;5.3;10.0;412.55;485.35;True;XRPD, FTIR, DSC;10.1016/j.ijpharm.2012.05.016;lobmann;2012;Table 3;2026-05-05;claude_code;RH 0% achieved with P2O5 desiccant. SVS-GPZ 1:2 CM Tg = 53.6 +/- 5.3 C (Table 1).;non_standard;95.0;277.15;;;;;;;;;
lobmann2012_14;Table 3;simvastatin;glipizide;api;api;CCC(C)(C)C(=O)O[C@H]1C[C@H](C=C2[C@H]1[C@H]([C@H](C=C2)C)CC[C@@H]3C[C@H](CC(=O)O3)O)C;CC1=CN=C(C=N1)C(=O)NCCC2=CC=C(C=C2)S(=O)(=O)NC(=O)NC3CCCCC3;CCC(C)(C)C(=O)O[C@H]1C[C@@H](C)C=C2C=C[C@H](C)[C@H](CC[C@@H]3C[C@@H](O)CC(=O)O3)[C@H]21;Cc1cnc(C(=O)NCCc2ccc(S(=O)(=O)NC(=O)NC3CCCCC3)cc2)cn1;RYMZZMVNJRMUDD-HGQWONQESA-N;ZJJXGWJIGJFDTL-UHFFFAOYSA-N;;;0.3333;0.6667;0.3333;0.6667;;;molar_ratio;cryo_milling;Cryomilling: 500 mg total mass of crystalline SVS and GPZ in 1:2 molar ratio in milling chamber with three 9 mm stainless steel balls, milled at 30 Hz for 60 min in an oscillatory ball mill (Mixer Mill MM301) placed in a +4 C cold room. Chambers immersed in liquid N2 for 2 min before milling and at 10 min intervals during milling.;;;not_reported;unknown;2-3m;non_standard;low;74.0;False;25.0;0.0;326.75;5.3;10.0;412.55;485.35;True;XRPD, FTIR, DSC;10.1016/j.ijpharm.2012.05.016;lobmann;2012;Table 3;2026-05-05;claude_code;RH 0% achieved with P2O5 desiccant.;non_standard;74.0;298.15;;;;;;;;;
lobmann2012_15;Table 3;simvastatin;glipizide;api;api;CCC(C)(C)C(=O)O[C@H]1C[C@H](C=C2[C@H]1[C@H]([C@H](C=C2)C)CC[C@@H]3C[C@H](CC(=O)O3)O)C;CC1=CN=C(C=N1)C(=O)NCCC2=CC=C(C=C2)S(=O)(=O)NC(=O)NC3CCCCC3;CCC(C)(C)C(=O)O[C@H]1C[C@@H](C)C=C2C=C[C@H](C)[C@H](CC[C@@H]3C[C@@H](O)CC(=O)O3)[C@H]21;Cc1cnc(C(=O)NCCc2ccc(S(=O)(=O)NC(=O)NC3CCCCC3)cc2)cn1;RYMZZMVNJRMUDD-HGQWONQESA-N;ZJJXGWJIGJFDTL-UHFFFAOYSA-N;;;0.3333;0.6667;0.3333;0.6667;;;molar_ratio;cryo_milling;Cryomilling: 500 mg total mass of crystalline SVS and GPZ in 1:2 molar ratio in milling chamber with three 9 mm stainless steel balls, milled at 30 Hz for 60 min in an oscillatory ball mill (Mixer Mill MM301) placed in a +4 C cold room. Chambers immersed in liquid N2 for 2 min before milling and at 10 min intervals during milling.;;;not_reported;unknown;2-3m;ich_q1a_long_term;high;74.0;False;25.0;60.0;326.75;5.3;10.0;412.55;485.35;True;XRPD, FTIR, DSC;10.1016/j.ijpharm.2012.05.016;lobmann;2012;Table 3;2026-05-05;claude_code;RH 60% achieved with saturated NaBr solution. The 1:2 co-amorphous mixture was the most stable, stable for over 2 months in all conditions.;ich_q1a_long_term;74.0;298.15;;;;;;;;;
pajula2014_01;"Table 1; Table 3";terfenadine;paracetamol;api;api;CC(C)(C)C1=CC=C(C=C1)C(CCCN2CCC(CC2)C(C3=CC=CC=C3)(C4=CC=CC=C4)O)O;CC(=O)NC1=CC=C(C=C1)O;CC(C)(C)c1ccc(C(O)CCCN2CCC(C(O)(c3ccccc3)c3ccccc3)CC2)cc1;CC(=O)Nc1ccc(O)cc1;GUGOEEXESWIERI-UHFFFAOYSA-N;RZVAJINKPMORJF-UHFFFAOYSA-N;;;0.5;0.5;0.5;0.5;;;mole_fraction;melt_quench;Heated to 5 °C above the melting point at 10 °C/min, held for 5 min, then quenched at uncontrolled rate to -50 °C and held for 15 min. Second heating extended to storage temperature.;;;not_reported;unknown;<1w;above_tg_kinetic;low;2.3;False;83.0;0.0;326.15;0.3;10.0;422.05;442.25;True;DSC, MDSC, FT-IR imaging, polarized light microscopy;10.1021/mp400712m;pajula;2014;"Table 1; Table 3";2026-05-07;claude_code;"Storage above Tg (T_s = Tg + 0.3*(Tm50:50 - Tg)). Crystallization detected by DSC after 5 weeks (melting endotherm at 132 °C). Phase separation detected by FT-IRi after 1 day. | [review] DSC H/C/H cycle for GFA classification was NOT performed. Second heating ended at storage temperature, not above Tm. Therefore crystallizes_on_dsc_cooling and crystallizes_on_dsc_reheating set to null (measurement not performed for Class 1/2/3 assessment), and gfa_class_dsc should remain null. Pajula 2014 used DSC only for sample preparation, not for Baird et al. 2010 GFA classification.; Tg updated from Kilpelainen et al. 2020 (DOI: 10.1016/j.ejpb.2020.08.007), Table 2, DSC 10 K/min, n=3, replacing Pajula 2014 TMDSC value. Three pairs in Pajula 2014 (terfenadine-paracetamol, terfenadine-indomethacin, indomethacin-paracetamol) were re-measured by Kilpelainen 2020 with standard DSC 10 K/min, enabling cross-corpus consistency.";above_tg_kinetic;;356.15;;;;;;;;;
pajula2014_02;"Table 1; Table 3";terfenadine;indomethacin;api;api;CC(C)(C)C1=CC=C(C=C1)C(CCCN2CCC(CC2)C(C3=CC=CC=C3)(C4=CC=CC=C4)O)O;CC1=C(C2=C(N1C(=O)C3=CC=C(C=C3)Cl)C=CC(=C2)OC)CC(=O)O;CC(C)(C)c1ccc(C(O)CCCN2CCC(C(O)(c3ccccc3)c3ccccc3)CC2)cc1;COc1ccc2c(c1)c(CC(=O)O)c(C)n2C(=O)c1ccc(Cl)cc1;GUGOEEXESWIERI-UHFFFAOYSA-N;CGIGDMFJXJATDK-UHFFFAOYSA-N;;;0.5;0.5;0.5;0.5;;;mole_fraction;melt_quench;Heated to 5 °C above the melting point at 10 °C/min, held for 5 min, then quenched at uncontrolled rate to -50 °C and held for 15 min. Second heating extended to storage temperature.;;;not_reported;unknown;4-5m;above_tg_kinetic;low;147.0;True;96.0;0.0;353.65;1.0;10.0;422.05;433.25;True;DSC, MDSC, FT-IR imaging, polarized light microscopy;10.1021/mp400712m;pajula;2014;"Table 1; Table 3";2026-05-07;claude_code;"Censored: 21 weeks (147 days) without crystallization detected by PLM. FT-IRi indicated two partly separated phases after 9 days. | [review] DSC H/C/H cycle for GFA classification was NOT performed. Second heating ended at storage temperature, not above Tm. Therefore crystallizes_on_dsc_cooling and crystallizes_on_dsc_reheating set to null (measurement not performed for Class 1/2/3 assessment), and gfa_class_dsc should remain null. Pajula 2014 used DSC only for sample preparation, not for Baird et al. 2010 GFA classification.; Tg updated from Kilpelainen et al. 2020 (DOI: 10.1016/j.ejpb.2020.08.007), Table 2, DSC 10 K/min, n=3, replacing Pajula 2014 TMDSC value. Three pairs in Pajula 2014 (terfenadine-paracetamol, terfenadine-indomethacin, indomethacin-paracetamol) were re-measured by Kilpelainen 2020 with standard DSC 10 K/min, enabling cross-corpus consistency.";above_tg_kinetic;147.0;369.15;;;;;;;;;
pajula2014_03;"Table 1; Table 3";terfenadine;ASA;api;api;CC(C)(C)C1=CC=C(C=C1)C(CCCN2CCC(CC2)C(C3=CC=CC=C3)(C4=CC=CC=C4)O)O;CC(=O)OC1=CC=CC=C1C(=O)O;CC(C)(C)c1ccc(C(O)CCCN2CCC(C(O)(c3ccccc3)c3ccccc3)CC2)cc1;CC(=O)Oc1ccccc1C(=O)O;GUGOEEXESWIERI-UHFFFAOYSA-N;BSYNRYMUTXBXSQ-UHFFFAOYSA-N;;;0.5;0.5;0.5;0.5;;;mole_fraction;melt_quench;Heated to 5 °C above the melting point at 10 °C/min, held for 5 min, then quenched at uncontrolled rate to -50 °C and held for 15 min. Second heating extended to storage temperature.;;;not_reported;unknown;<1w;above_tg_kinetic;low;6.3;False;93.0;0.0;342.05;;2.0;422.05;413.35;True;DSC, MDSC, FT-IR imaging, polarized light microscopy;10.1021/mp400712m;pajula;2014;"Table 1; Table 3";2026-05-07;claude_code;"Phase separation detected by FT-IRi after 1 day. Tg not detected after 5 weeks (likely due to crystallization). | [review] Pair-Tg from Table 3 (TMDSC TOPEM, 2 K/min underlying), not standard DSC 10 K/min. Pure component Tg values in Table 2 are at 10 K/min but not used for pair-Tg field per schema. Pajula 2014 is the only paper in corpus with TMDSC-only pair-Tg measurement.; DSC H/C/H cycle for GFA classification was NOT performed. Second heating ended at storage temperature, not above Tm. Therefore crystallizes_on_dsc_cooling and crystallizes_on_dsc_reheating set to null (measurement not performed for Class 1/2/3 assessment), and gfa_class_dsc should remain null. Pajula 2014 used DSC only for sample preparation, not for Baird et al. 2010 GFA classification.";above_tg_kinetic;;366.15;;;;;;;;;
pajula2014_04;"Table 1; Table 3";indomethacin;paracetamol;api;api;CC1=C(C2=C(N1C(=O)C3=CC=C(C=C3)Cl)C=CC(=C2)OC)CC(=O)O;CC(=O)NC1=CC=C(C=C1)O;COc1ccc2c(c1)c(CC(=O)O)c(C)n2C(=O)c1ccc(Cl)cc1;CC(=O)Nc1ccc(O)cc1;CGIGDMFJXJATDK-UHFFFAOYSA-N;RZVAJINKPMORJF-UHFFFAOYSA-N;;;0.5;0.5;0.5;0.5;;;mole_fraction;melt_quench;Heated to 5 °C above the melting point at 10 °C/min, held for 5 min, then quenched at uncontrolled rate to -50 °C and held for 15 min. Second heating extended to storage temperature.;;;not_reported;unknown;<1w;above_tg_kinetic;low;1.3;False;68.0;0.0;306.55;0.3;10.0;433.25;442.25;True;DSC, MDSC, FT-IR imaging, polarized light microscopy;10.1021/mp400712m;pajula;2014;"Table 1; Table 3";2026-05-07;claude_code;"Crystallization detected by DSC after 2 weeks (melting endotherms at 93, 113, 125 °C). Tg in mixture after 5 weeks (25.2 °C) corresponded to pure paracetamol Tg (24.3 °C), indicating phase separation/crystallization. | [review] Pair Tg after 5 weeks of storage (25.2 °C) is within 1 K of pure paracetamol Tg (24.3 °C), indicating phase separation/crystallization rather than a co-amorphous state at the 5-week timepoint (initial Tg = 35.8 °C is between pure components and acceptable).; DSC H/C/H cycle for GFA classification was NOT performed. Second heating ended at storage temperature, not above Tm. Therefore crystallizes_on_dsc_cooling and crystallizes_on_dsc_reheating set to null (measurement not performed for Class 1/2/3 assessment), and gfa_class_dsc should remain null. Pajula 2014 used DSC only for sample preparation, not for Baird et al. 2010 GFA classification.; Tg updated from Kilpelainen et al. 2020 (DOI: 10.1016/j.ejpb.2020.08.007), Table 2, DSC 10 K/min, n=3, replacing Pajula 2014 TMDSC value. Three pairs in Pajula 2014 (terfenadine-paracetamol, terfenadine-indomethacin, indomethacin-paracetamol) were re-measured by Kilpelainen 2020 with standard DSC 10 K/min, enabling cross-corpus consistency.";above_tg_kinetic;;341.15;;;;;;;;;
pajula2014_05;"Table 1; Table 3";indomethacin;ASA;api;api;CC1=C(C2=C(N1C(=O)C3=CC=C(C=C3)Cl)C=CC(=C2)OC)CC(=O)O;CC(=O)OC1=CC=CC=C1C(=O)O;COc1ccc2c(c1)c(CC(=O)O)c(C)n2C(=O)c1ccc(Cl)cc1;CC(=O)Oc1ccccc1C(=O)O;CGIGDMFJXJATDK-UHFFFAOYSA-N;BSYNRYMUTXBXSQ-UHFFFAOYSA-N;;;0.5;0.5;0.5;0.5;;;mole_fraction;melt_quench;Heated to 5 °C above the melting point at 10 °C/min, held for 5 min, then quenched at uncontrolled rate to -50 °C and held for 15 min. Second heating extended to storage temperature.;;;not_reported;unknown;<1w;above_tg_kinetic;low;0.3;False;58.0;0.0;299.65;;2.0;433.25;413.35;True;DSC, MDSC, FT-IR imaging, polarized light microscopy;10.1021/mp400712m;pajula;2014;"Table 1; Table 3";2026-05-07;claude_code;"Crystallization within hours. Crystallization detected by DSC after 5 weeks (melting endotherm at 121 °C). Phase separation detected by FT-IRi after 1 day. | [review] PLM induction_time SD (0.6 days) exceeds mean (0.3 days), indicating large uncertainty in detecting onset of crystallization (very fast crystallization within hours).; Pair-Tg from Table 3 (TMDSC TOPEM, 2 K/min underlying), not standard DSC 10 K/min. Pure component Tg values in Table 2 are at 10 K/min but not used for pair-Tg field per schema. Pajula 2014 is the only paper in corpus with TMDSC-only pair-Tg measurement.; DSC H/C/H cycle for GFA classification was NOT performed. Second heating ended at storage temperature, not above Tm. Therefore crystallizes_on_dsc_cooling and crystallizes_on_dsc_reheating set to null (measurement not performed for Class 1/2/3 assessment), and gfa_class_dsc should remain null. Pajula 2014 used DSC only for sample preparation, not for Baird et al. 2010 GFA classification.";above_tg_kinetic;;331.15;;;;;;;;;
pajula2014_06;"Table 1; Table 3";indomethacin;glibenclamide;api;api;CC1=C(C2=C(N1C(=O)C3=CC=C(C=C3)Cl)C=CC(=C2)OC)CC(=O)O;COC1=C(C=C(C=C1)Cl)C(=O)NCCC2=CC=C(C=C2)S(=O)(=O)NC(=O)NC3CCCCC3;COc1ccc2c(c1)c(CC(=O)O)c(C)n2C(=O)c1ccc(Cl)cc1;COc1ccc(Cl)cc1C(=O)NCCc1ccc(S(=O)(=O)NC(=O)NC2CCCCC2)cc1;CGIGDMFJXJATDK-UHFFFAOYSA-N;ZNNLBTZKUZBEKO-UHFFFAOYSA-N;;;0.5;0.5;0.5;0.5;;;mole_fraction;melt_quench;Heated to 5 °C above the melting point at 10 °C/min, held for 5 min, then quenched at uncontrolled rate to -50 °C and held for 15 min. Second heating extended to storage temperature.;;;not_reported;unknown;<1w;above_tg_kinetic;low;5.7;False;90.0;0.0;338.85;;2.0;433.25;447.35;True;DSC, MDSC, FT-IR imaging, polarized light microscopy;10.1021/mp400712m;pajula;2014;"Table 1; Table 3";2026-05-07;claude_code;"Crystallization detected by DSC after 5 weeks (melting endotherm in Figure 10A). FT-IRi did not detect phase separation, possibly due to dispersed system with local 50:50 ratios. | [review] Pair-Tg from Table 3 (TMDSC TOPEM, 2 K/min underlying), not standard DSC 10 K/min. Pure component Tg values in Table 2 are at 10 K/min but not used for pair-Tg field per schema. Pajula 2014 is the only paper in corpus with TMDSC-only pair-Tg measurement.; DSC H/C/H cycle for GFA classification was NOT performed. Second heating ended at storage temperature, not above Tm. Therefore crystallizes_on_dsc_cooling and crystallizes_on_dsc_reheating set to null (measurement not performed for Class 1/2/3 assessment), and gfa_class_dsc should remain null. Pajula 2014 used DSC only for sample preparation, not for Baird et al. 2010 GFA classification.";above_tg_kinetic;;363.15;;;;;;;;;
pajula2014_07;"Table 1; Table 3";paracetamol;glibenclamide;api;api;CC(=O)NC1=CC=C(C=C1)O;COC1=C(C=C(C=C1)Cl)C(=O)NCCC2=CC=C(C=C2)S(=O)(=O)NC(=O)NC3CCCCC3;CC(=O)Nc1ccc(O)cc1;COc1ccc(Cl)cc1C(=O)NCCc1ccc(S(=O)(=O)NC(=O)NC2CCCCC2)cc1;RZVAJINKPMORJF-UHFFFAOYSA-N;ZNNLBTZKUZBEKO-UHFFFAOYSA-N;;;0.5;0.5;0.5;0.5;;;mole_fraction;melt_quench;Heated to 5 °C above the melting point at 10 °C/min, held for 5 min, then quenched at uncontrolled rate to -50 °C and held for 15 min. Second heating extended to storage temperature.;;;not_reported;unknown;1-2m;above_tg_kinetic;low;32.3;False;74.0;0.0;317.15;;2.0;442.25;447.35;True;DSC, MDSC, FT-IR imaging, polarized light microscopy;10.1021/mp400712m;pajula;2014;"Table 1; Table 3";2026-05-07;claude_code;"Crystallization detected by DSC after 5 weeks (melting endotherm at 157 °C). FT-IRi did not detect phase separation, possibly due to dispersed system with local 50:50 ratios. | [review] Pair-Tg from Table 3 (TMDSC TOPEM, 2 K/min underlying), not standard DSC 10 K/min. Pure component Tg values in Table 2 are at 10 K/min but not used for pair-Tg field per schema. Pajula 2014 is the only paper in corpus with TMDSC-only pair-Tg measurement.; DSC H/C/H cycle for GFA classification was NOT performed. Second heating ended at storage temperature, not above Tm. Therefore crystallizes_on_dsc_cooling and crystallizes_on_dsc_reheating set to null (measurement not performed for Class 1/2/3 assessment), and gfa_class_dsc should remain null. Pajula 2014 used DSC only for sample preparation, not for Baird et al. 2010 GFA classification.";above_tg_kinetic;;347.15;;;;;;;;;
pajula2014_08;"Table 1; Table 3";paracetamol;ASA;api;api;CC(=O)NC1=CC=C(C=C1)O;CC(=O)OC1=CC=CC=C1C(=O)O;CC(=O)Nc1ccc(O)cc1;CC(=O)Oc1ccccc1C(=O)O;RZVAJINKPMORJF-UHFFFAOYSA-N;BSYNRYMUTXBXSQ-UHFFFAOYSA-N;;;0.5;0.5;0.5;0.5;;;mole_fraction;melt_quench;Heated to 5 °C above the melting point at 10 °C/min, held for 5 min, then quenched at uncontrolled rate to -50 °C and held for 15 min. Second heating extended to storage temperature.;;;not_reported;unknown;<1w;above_tg_kinetic;low;2.7;False;41.0;0.0;278.25;;2.0;442.25;413.35;True;DSC, MDSC, FT-IR imaging, polarized light microscopy;10.1021/mp400712m;pajula;2014;"Table 1; Table 3";2026-05-07;claude_code;"Predicted partly miscible (chi% > 0 = 42.4%); only mixture not predicted immiscible. DSC detected melting endotherm after 5 weeks. Phase separation detected by FT-IRi after 1 day. | [review] PLM induction_time SD (3.8 days) exceeds mean (2.7 days), indicating large uncertainty in detecting onset of crystallization.; Pair-Tg from Table 3 (TMDSC TOPEM, 2 K/min underlying), not standard DSC 10 K/min. Pure component Tg values in Table 2 are at 10 K/min but not used for pair-Tg field per schema. Pajula 2014 is the only paper in corpus with TMDSC-only pair-Tg measurement.; DSC H/C/H cycle for GFA classification was NOT performed. Second heating ended at storage temperature, not above Tm. Therefore crystallizes_on_dsc_cooling and crystallizes_on_dsc_reheating set to null (measurement not performed for Class 1/2/3 assessment), and gfa_class_dsc should remain null. Pajula 2014 used DSC only for sample preparation, not for Baird et al. 2010 GFA classification.";above_tg_kinetic;;314.15;;;;;;;;;
